{"cameraMode":{"drawMode":0,"name":"Shaded","section":"Shading Mode"},"sceneLighting":false,"audioPlay":false,"sceneViewState":{"showFog":true,"showMaterialUpdate":false,"showSkybox":true,"showFlares":true,"showImageEffects":true,"showParticleSystems":true},"in2DMode":false,"pivot":{"x":-0.19790762662887574,"y":0.2024918794631958,"z":0.13172918558120728},"rotation":{"x":0.4613707661628723,"y":0.4035036563873291,"z":-0.2481677234172821,"w":0.7501564025878906},"size":2.1179964542388918,"orthographic":false}