{"cameraMode":{"drawMode":0,"name":"Shaded","section":"Shading Mode"},"sceneLighting":false,"audioPlay":false,"sceneViewState":{"showFog":true,"showMaterialUpdate":false,"showSkybox":true,"showFlares":true,"showImageEffects":true,"showParticleSystems":true},"in2DMode":false,"pivot":{"x":-0.04567009210586548,"y":1.1452584266662598,"z":1.2442389726638795},"rotation":{"x":0.221954345703125,"y":0.2525498867034912,"z":-0.059638869017362598,"w":0.939892590045929},"size":2.1179964542388918,"orthographic":false}