{"cameraMode":{"drawMode":0,"name":"Shaded","section":"Shading Mode"},"sceneLighting":false,"audioPlay":false,"sceneViewState":{"showFog":true,"showMaterialUpdate":false,"showSkybox":true,"showFlares":true,"showImageEffects":true,"showParticleSystems":true},"in2DMode":false,"pivot":{"x":-1.0082545280456544,"y":1.0082862377166749,"z":1.6862844228744507},"rotation":{"x":0.09190254658460617,"y":0.19730660319328309,"z":-0.018581364303827287,"w":0.9758477210998535},"size":1.8179965019226075,"orthographic":false}